,name,artist,uris
0,Rainbow Connection,The Muppets,spotify:track:1SJ4ycWow4yz6z4oFz8NAG
1,Somewhere Over The Rainbow_What A Wonderful World,Israel Kamakawiwo'ole,spotify:track:25U7raB3ZSszayTYClh4hF
2,What a Wonderful World,Joey Ramone,spotify:track:04cdEVbQPb8BJb7593e5fO
3,One Day / Reckoning Song (Wankelmut Remix) [Radio Edit],Asaf Avidan & the Mojos,spotify:track:5HSkycOEtb9iQ7cg1Oyqmu
4,What A Wonderful World - Single Version,Louis Armstrong,spotify:track:2pp3RfqX5cb1BAnmNi4Nej
5,Homecoming,Green Day,spotify:track:4wH29TM74O3788Kn1KzWuY
6,Wake Me up When September Ends,Green Day,spotify:track:3ZffCQKLFLUvYM59XKLbVm
7,Jesus of Suburbia,Green Day,spotify:track:58KPPL1AdLHMvR2O2PZejr
8,Not Afraid,Eminem,spotify:track:7Ie9W94M7OjPoZVV216Xus
9,God & Satan,Biffy Clyro,spotify:track:6aihKTSpfxixl9uqm4hNEy
10,Softer to Me,Relient K,spotify:track:5PMA1s2sfSlZWTB4XjEGfo
11,Longview,Green Day,spotify:track:3LRJbFT9rKoKv4aW7PuBJC
12,Somebody That I Used to Know (Dubstep Remix),Dubstep Mafia,spotify:track:2KzIsNi9E7H74h0oVX9JzY
13,Somebody That I Used To Know - Bombs Away Dubstep Remix,The Westside Gaming,spotify:track:3NdAXnoxuXuIM74oQWVAna
14,Love You Like A Love Song,Selena Gomez & The Scene,spotify:track:0laYHRpNTS6i8FXdupHkJ4
15,We Are Young (feat. Janelle Monáe),fun.,spotify:track:7a86XRg84qjasly9f6bPSD
16,Grenade,Bruno Mars,spotify:track:2tJulUYLDKOg9XrtVkMgcJ
17,Marry You,Bruno Mars,spotify:track:22PMfvdz35fFKYnJyMn077
18,Dust in the Wind,"The Hit Co., The Tribute Co.",spotify:track:0EycxtLQimD0jgscVwTQBz
19,Everybody Hurts,The Hit Co.,spotify:track:2QVA6ZKunwNJApyPKvIJ6S
20,The Sound of Silence,Simon & Garfunkel,spotify:track:7eQUgarLukHLkZaO1mxtab
21,Utopia (feat. Chris Jones),Within Temptation,spotify:track:0rZQcqysLosoc46Vv6I54b
22,Sinéad,Within Temptation,spotify:track:6agaR8uXdeycsvlxtZvKMW
23,Faster,Within Temptation,spotify:track:09whmgWfGHPys6k3M9Athv
24,Highwayman,The Highwaymen,spotify:track:0KLGjcaznMqpUwxAws0KwL
25,Another Day In Paradise,Phil Collins,spotify:track:3wNXqTMimmuTEj1iEPftC7
26,Stairway to Heaven,Led Zepagain,spotify:track:0DANcJuMamcL9NyYkEWWTq
27,Just Give Me a Reason,P!nk,spotify:track:1qHaLcG3LOeh6ZB8vii5ZZ
28,Since I Gave Up Hope I Feel Alot Better,Steve Taylor,spotify:track:12qAxo8fvGYedhhYQnwJLz
29,Innocence Lost,Steve Taylor,spotify:track:05LnKShwBQgAGaCf37KJbW
30,Sin For A Season,Steve Taylor,spotify:track:7BCDwOzZDNjhICmOP2Dw0O
31,Hero,Steve Taylor,spotify:track:5syIJeygRTI21cDwFtwsRf
32,White America,Eminem,spotify:track:15qrWkkYCfmtu1uRpGf48L
33,Role of A Lifetime,Cast Recording,spotify:track:7DdkL7YtSRFZotD4qZloRG
34,Plain Jane Fat Ass,Cast Recording,spotify:track:7IqfeRNfc7ZQ878X38kJd9
35,Best Kept Secret,Cast Recording,spotify:track:0PTiNSf92CZq2ffN3Lg9GO
36,Ever After,Cast Recording,spotify:track:56ThAgAaWjACo2UAhBItSh
37,That's All She Wrote (feat. Eminem),T.I.,spotify:track:4UwtMoKBvYi0mMbH2ZI3uB
38,Second Chance,Shinedown,spotify:track:0CwYG1UnRmOx8Q1EzElCIL
39,Teenagers,My Chemical Romance,spotify:track:7j31rVgGX9Q2blT92VBEA0
40,Can't Hold Us - feat. Ray Dalton,Macklemore & Ryan Lewis,spotify:track:3bidbhpOYeV4knp8AIu8Xn
41,Some Nights,fun.,spotify:track:6t6oULCRS6hnI7rm0h5gwl
42,Come & Get It,Selena Gomez,spotify:track:7Gkphzdh5ouurEt7JT49Yu
43,Thrift Shop (feat. Wanz),Macklemore,spotify:track:1CmUZGtH29Kx36C1Hleqlz
44,Mirrors,Justin Timberlake,spotify:track:03gqZZavMKhWbSjdQvpF6O
45,When I Was Your Man,Bruno Mars,spotify:track:0nJW01T7XtvILxQgC5J7Wh
46,I Need Your Love (feat. Ellie Goulding),Calvin Harris,spotify:track:05SBRd4fXgn8FX7bf8BCAE
47,My Songs Know What You Did In The Dark (Light Em Up),Fall Out Boy,spotify:track:7s0lDK7y3XLmI7tcsRAbW0
48,Heart Attack,Demi Lovato,spotify:track:25n4NECujqOxQHdXVIVc9I
49,Radioactive,Imagine Dragons,spotify:track:4G8gkOterJn0Ywt6uhqbhp
50,Feel This Moment (feat. Christina Aguilera),Pitbull,spotify:track:1lb0sQGUjzJhkNNU6srjeZ
51,No Love,Eminem,spotify:track:7bHT9osSq1rwT2yaImzqCi
52,Stay,Shaun Reynolds,spotify:track:3ShCJTrnhjvUpL234S4QbJ
53,I Knew You Were Trouble.,Taylor Swift,spotify:track:4GzDUKkd1RwAtYZMMUBM3W
54,Through the Ghost,Shinedown,spotify:track:33JmIIfnnqxwUSpXo5ttDG
55,50 Ways to Say Goodbye - Radio Version,Ways to Say You Died,spotify:track:3IXiopjRC9ggfHgQuvPodS
56,Lucy,Skillet,spotify:track:4VqkhvOP0FkcVrDxgJXtxM
57,Shut Me Up,Mindless Self Indulgence,spotify:track:7AH9Fmka4of4Y25lfhvBUC
58,Rain Song,Day Of Fire,spotify:track:68atHlXiiY4UPQ7A6T0C5m
59,Hey There Delilah,Kurt Hugo Schneider,spotify:track:2W4zduSruGmaWJv343JW90
60,Kyoto (feat. Sirah),Skrillex,spotify:track:3FUZpoj9VV0sgc8RqbS3xQ
61,As Long As You Love Me,Justin Bieber,spotify:track:0pwYLVXVknPSGUQb39cePC
62,Catch My Breath,Kelly Clarkson,spotify:track:7kAYyzVhWr3nSqAC7CUOWK
63,The Lunatics (Have Taken Over the Asylum),Fun Boy Three,spotify:track:297GNKCxzQaumcvLp6b2D5
64,Drive By,Train,spotify:track:1wAXODAAL6hY64ZdhrnjBO
65,Last Resort,Papa Roach,spotify:track:5eek2X5459T1HoYJk2CKXv
66,Chiron Beta Prime,Jonathan Coulton,spotify:track:1Kku9Y1D75oJ3gqMQWLVOE
67,Austin,Blake Shelton,spotify:track:2WQAknZHrJAEQOFXe0F44P
68,I Am a Rock,Simon & Garfunkel,spotify:track:0byOqNZN9ailhoORv5Ps0Z
69,From God's Perspective,Bo Burnham,spotify:track:6ghnKwHcGX1RLPWjJYKbGd
70,Rockstar,Nickelback,spotify:track:6n9yCXvLhnYMgJIiIcMu7D
71,Finally Moving,Pretty Lights,spotify:track:3WS7spXVlbeC5kjePmHMQW
72,Honestly,Stryper,spotify:track:66POKxMki5FryEYtHBZ5GZ
73,Blinded,The Bots,spotify:track:1wbdOwwLLuiDq1MgMdVJcd
74,On the Radio,Regina Spektor,spotify:track:6uA9lKAYHcBLhxb5KZYygj
75,Don't,Ed Sheeran,spotify:track:1huvTbEYtgltjQRXzrNKGi
76,Fight Song,Rachel Platten,spotify:track:37f4ITSlgPX81ad2EvmVQr
77,Dynamite,Taio Cruz,spotify:track:1DqdF42leyFIzqNDv9CjId
78,Blood Brothers,Papa Roach,spotify:track:0R0Od004mm1yRHEVnpygoj
79,When the Tigers Broke Free,Pink Floyd,spotify:track:23ItRtrVX4vF30wGrzfznf
80,Cabaret,Liza Minnelli,spotify:track:5KhMLaz5JNZviJJAmubGPM
81,Stressed Out,Twenty One Pilots,spotify:track:3CRDbSIZ4r5MsZ0YwxuEkn
82,Could've Been,Tiffany,spotify:track:1xvGuRbLxTkpb5UdUG7HME
83,If You Really Loved Me - Live,Tim Minchin,spotify:track:7wOpUrPq4JbTWzFO9wilzm
84,First Of May,Bee Gees,spotify:track:1bEzxyJJcadq40MFXhTTtr
85,First of May,Olivia Ong,spotify:track:1zBdbAhsZ53xtR8OnGGhty
86,Rock 'n' roll Nerd - Live,Tim Minchin,spotify:track:5P7oDB5bDFHaEJGjnUenTU
87,Lemon Eyes,Meg Myers,spotify:track:1bwMNFWG2NXOsSz5AgndIy
88,I Mean It (feat. Remo),G-Eazy,spotify:track:6jmTHeoWvBaSrwWttr8Xvu
89,Heaven Is A Place On Earth,Belinda Carlisle,spotify:track:58mFu3oIpBa0HLNeJIxsw3
90,I Think We're Alone Now,Tiffany,spotify:track:0n1NI4TnEw0SeXSS4DNhhb
91,Another One Bites The Dust - Remastered 2011,Queen,spotify:track:57JVGBtBLCfHw2muk5416J
92,Edge of Seventeen,Stevie Nicks,spotify:track:2id8E4WvczfKHB4LHI7Np3
93,Bless the Broken Road,The Mick Lloyd Connection,spotify:track:5w3rC5qQD1hMhm4aRM7Xcw
94,At Seventeen,Janis Ian,spotify:track:3bRcSxW2FnSSwrzoYT1knV
95,Iris,The Goo Goo Dolls,spotify:track:6vrUTGn5p8IrfTZ0J6sIVM
96,The Lazy Song,Bruno Mars,spotify:track:1ExfPZEiahqhLyajhybFeS
97,Zombie,The Cranberries,spotify:track:2IZZqH4K02UIYg5EohpNHF
98,Free Bird,Lynyrd Skynyrd,spotify:track:5EWPGh7jbTNO2wakv8LjUI
99,All of Me,John Legend,spotify:track:3U4isOIWM3VvDubwSI3y7a
100,"Paint It, Black - (Original Single Mono Version)",The Rolling Stones,spotify:track:7lY8aoN3wUR3NY4nUwigPv
101,Only Women Bleed,Alice Cooper,spotify:track:59xDvLlKHcLI0c9CSmzxSN
102,Losing My Religion,R.E.M.,spotify:track:74EV0g12ihUoOUXMprFpZB
103,Cleanin' Out My Closet,Eminem,spotify:track:4ni8GyT1Lwn1LVl88MJsQd
104,Kryptonite,3 Doors Down,spotify:track:6ZOBP3NvffbU4SZcrnt1k6
105,Criminal,Britney Spears,spotify:track:6T689Jvh5KrSXyaPtUWZtQ
106,Imagine - Remastered 2010,John Lennon,spotify:track:7pKfPomDEeI4TPT6EOYjn9
107,The Longest Time,Billy Joel,spotify:track:3YhcVZIWyakQSTUJD1YMt4
108,Here Without You,3 Doors Down,spotify:track:135cNW8kQtiTId7qcsJfVC
109,The Art Of Breaking,Thousand Foot Krutch,spotify:track:6W96guiUjEduSKGZoJ4pRk
110,When In Doubt,Thousand Foot Krutch,spotify:track:3WDre2juz0eyL8LbgUmVWT
111,Unbelievable,Thousand Foot Krutch,spotify:track:3g5XSYduDvlgstpGhxjoMb
112,Small Town,Thousand Foot Krutch,spotify:track:5n8a18QX7RJWU7j1DtpTlG
113,Enter Sandman,Metallica,spotify:track:1hKdDCpiI9mqz1jVHRKG0E
114,One,Metallica,spotify:track:64Ret7Tf2M8pDE4aqbW2tX
115,Madame Guillotine,The Scarlet Pimpernel,spotify:track:4pBQ3LtvHofjqAHrL6OBhg
116,Into the Fire,Douglas Sills,spotify:track:5a74M9A14XYMZQRWHXKTXm
117,The Creation of Man,Douglas Sills,spotify:track:5vfvw9HXnn3LYMv8XLPWo4
118,Falcon in the Dive,Terry Mann,spotify:track:2xfknuaCUIN7UAA2l46UHF
119,Hallelujah,Rufus Wainwright,spotify:track:6JUALLwHnidbO4eM09ArIh
120,Now's the Time,Slick Shoes,spotify:track:7uMSEldDoQbpnRENlsCZxg
121,Piano Man,Billy Joel,spotify:track:3FCto7hnn1shUyZL42YgfO
122,Pinball Wizard,The Who,spotify:track:60C8zGPTdAAmDshHnMuyfc
123,Ace of Spades,Motörhead,spotify:track:1T45V6RDj1vTLFY6Cw4tNf
124,Comfortably Numb,Pink Floyd,spotify:track:5HNCy40Ni5BZJFw1TKzRsC
125,Won't Get Fooled Again - Remix,The Who,spotify:track:1W1GpfPujmgp2vQqcpUhtU
126,Who'll Stop The Rain,Creedence Clearwater Revival,spotify:track:3Bh6uInhcVBVvLraGZdkKD
127,No More Mr. Nice Guy,Alice Cooper,spotify:track:5D2eCwqbHcqOnfHOCM6TnV
128,Bed of Nails,Alice Cooper,spotify:track:5XeT9fYCeg1jYithrEni7v
129,The Black Widow,Alice Cooper,spotify:track:1XExJX2yD9o5Si6dAlxAto
130,Carry on Wayward Son,Kansas,spotify:track:4DMKwE2E2iYDKY01C335Uw
131,Smokin' in the Boy's Room,Brownsville Station,spotify:track:1AIGp3gpj1NXJvh3engmUQ
132,Dream In Black & White - Now The Truth Can Be Told Album Version,Steve Taylor,spotify:track:1UO3pKI4mBiPXoaPPMlLL3
133,"(I've Had) The Time of My Life - From ""Dirty Dancing"" Soundtrack",Bill Medley,spotify:track:4BFMQ15vXr626UOoZL8bUI
134,Billy Don’t Be A Hero,Paper Lace,spotify:track:48RP92BBNCGybHpdQ8NuIO
135,Time Warp,Little Nell,spotify:track:4WFeJTXNHIS2wURtwlAkhu
136,Wrecking Hotel Rooms,MxPx,spotify:track:4KWWDLTgYHjBxmg27nbLYZ
137,Punk Rawk Show,MxPx,spotify:track:4BeTldZgaLMFUCeVeBbvwB
138,Two Whole Years,MxPx,spotify:track:0E3mUNKgTdbPwjnIbvgBjk
139,Misplaced Memories,MxPx,spotify:track:5lqBrzNdIRUj4mpbUpRBzU
140,Butterfly Kisses,Bob Carlisle,spotify:track:1mwCSKK0YRDsgnj2VwyZSU
141,All The Small Things,blink-182,spotify:track:7yCPwWs66K8Ba5lFuU2bcx
142,First Date,blink-182,spotify:track:1fJFuvU2ldmeAm5nFIHcPP
143,Listen To Your Heart,Roxette,spotify:track:78TnMTAFmWUWWCgNXR7D3K
144,"There's a Fine, Fine Line",Stephanie D'Abruzzo,spotify:track:2W7wqrmruKE07zZCg8rSdm
145,Mrs. Robinson,The Lemonheads,spotify:track:3672j9qcUufXuGwVoXHaeK
146,Hallelujah,Pentatonix,spotify:track:550rQQCGkrTzvp4SfpOPzx
147,Crash,The Primitives,spotify:track:4tPHC7YsU3LInUYcIe2UIi
148,You're the Inspiration - 2009 Remaster,Chicago,spotify:track:6d7PQZtTbHbcYqaygOW7vs
149,Total Eclipse of the Heart,Bonnie Tyler,spotify:track:5prTs2HAw2G4idHZyeFp8o
150,The Devil Went Down to Georgia,The Charlie Daniels Band,spotify:track:6gRACp2CvsIhc7hyw8CecQ
151,Video Killed The Radio Star,The Buggles,spotify:track:6t1FIJlZWTQfIZhsGjaulM
152,Sweet Home Alabama,Lynyrd Skynyrd,spotify:track:7e89621JPkKaeDSTQ3avtg
153,Tainted Love,Soft Cell,spotify:track:4GDmAT5ZZyHdBo32UYDIvM
154,Everybody Wants To Rule The World,Tears For Fears,spotify:track:4RvWPyQ5RL0ao9LPZeSouE
155,"Holding Out for a Hero - From ""Footloose"" Soundtrack",Bonnie Tyler,spotify:track:61UU9qfuXmdFyqCSE7v5gz
156,21 Guns (feat. The Cast of American Idiot),Green Day,spotify:track:3DnG0TWnSc0fs6quO4sKXU
157,When I'm Gone,3 Doors Down,spotify:track:3WbphvawbMZ8FyqDxYGdSQ
158,Little Talks,Of Monsters and Men,spotify:track:2ihCaVdNZmnHZWt0fvAM7B
159,Crazy B*tch,Buckcherry,spotify:track:1gtHjIoQIU5XIcRGjn7DfH
160,Breaking the Habit,Linkin Park,spotify:track:6n8TMVyFKoUmDc4apxceRD
161,In the End,Linkin Park,spotify:track:60a0Rd6pjrkxjPbaKzXjfq
162,Bleed It Out,Linkin Park,spotify:track:0UFDKFqW2oGspYeYqo9wjA
163,Forever In Blue Jeans,Neil Diamond,spotify:track:1K1nzhbKCNmrNXi9B07mPF
164,Coming to America,Neil Diamond,spotify:track:0WUwK944tQYw6V2OEBbKQj
165,Fidelity,Regina Spektor,spotify:track:6GskIhdM6TN6EkPgeSjVfW
166,Soak Up The Sun,Sheryl Crow,spotify:track:215JYyyUnrJ98NK3KEwu6d
167,Kiss Me I'm #!@'faced,Dropkick Murphys,spotify:track:76JBKwPnXX4SjpTrOMfTNM
168,Billionaire (feat. Bruno Mars),Travie McCoy,spotify:track:2M9ULmQwTaTGmAdXaXpfz5
169,Take A Bow,Rihanna,spotify:track:3mmjD9G2HUUzDbFl3NRDLM
170,Beat on the Brat - 2016 Remaster,Ramones,spotify:track:55mKuESqpfgqe0kooIkTH2
171,I Don't Care - 2002 Remaster,Ramones,spotify:track:7KbwwsvglWtL4aqVFhFfdG
172,We Want the Airwaves - 2002 Remaster,Ramones,spotify:track:6x7B9cDXyH4X7lCwH6B40o
173,I Wanna Be Sedated - 2002 Remaster,Ramones,spotify:track:6vvmYYUvGXtZLU8msxKvzF
174,53rd & 3rd - Remastered Version,Ramones,spotify:track:3dqu92ZvdxKZTJ8PnRD7rL
175,Thank You,Ray Boltz,spotify:track:6xvyHB0hRzt4ZUrp3RWz0h
176,The Altar,Ray Boltz,spotify:track:59TTPd9hQSLxbfgsrFqX3a
177,Watch the Lamb,Ray Boltz,spotify:track:5Kbu6EfNuU8NlH9IiQ9DQp
178,Rock 'n' Roll High School,Ramones,spotify:track:3iDQWZabT5WtDDLPhPuutK
179,Africa,TOTO,spotify:track:2374M0fQpWi3dLnB54qaLX
180,Barbie Girl,Aqua,spotify:track:2ZCTP54O2dMSbVrdsg60to
181,I Write The Songs,Barry Manilow,spotify:track:5VU6nvX3BqkqBmOJ2d9vhW
182,"Gone, Gone, Gone",Phillip Phillips,spotify:track:5L79aNYCTKiZq7vaOElXYj
183,Welcome to the Black Parade,My Chemical Romance,spotify:track:5wQnmLuC1W7ATsArWACrgW
184,Metal Crusade - Instrumental Version,Mortification,spotify:track:5xIztQZYw30ToPbkCmVDqM
185,Papa Was A Rollin' Stone - Single Version,The Temptations,spotify:track:1zC9mSQAH2fn3DGscYRuCY
186,Just Dropped In (To See What Condition My Condition Is In),Kenny Rogers & The First Edition,spotify:track:1dWvuCErtHSFAuDVzjbLeb
187,Apologize,OneRepublic,spotify:track:6fOPuabPdAJ0HgqJFcDGb1
188,Just Give Me a Reason (feat. Nate Ruess),P!nk,spotify:track:1mKXFLRA179hdOWQBwUk9e
189,Poker Face,Lady Gaga,spotify:track:1QV6tiMFM6fSOKOGLMHYYg
190,1985,Bowling For Soup,spotify:track:4UuHWIkAWnN176A2rx7YFB
191,"Let It Go - From ""Frozen""/Soundtrack Version",Idina Menzel,spotify:track:0qcr5FMsEO85NAQjrlDRKo
192,Graduation (Friends Forever),Vitamin C,spotify:track:45V4Mk7vZV2b9JfSWuUX9m
193,Youth of the Nation,P.O.D.,spotify:track:0UrWr7Jnu1heq1o99ZwUd0
194,American Pie,Don McLean,spotify:track:2QgWuCtBpNIpl5trmKCxRf
195,The Loco-Motion - Remastered 2002,Grand Funk Railroad,spotify:track:0PxYWaGiwWtcuL1VIMiEW4
196,Cats in the Cradle,Harry Chapin,spotify:track:6hLqEJg2GnnDG4W0Y64hyD
197,Blinded By The Light (Single edit),Manfred Mann's Earth Band,spotify:track:6jkNs6ZRiLjIk87MWmSGWu
198,Reunited,Peaches & Herb,spotify:track:2Y18kxNc1F6Ut6t5eyKsRD
199,Escape (The Pina Colada Song),Rupert Holmes,spotify:track:5IMtdHjJ1OtkxbGe4zfUxQ
200,"Rocket Man (I Think It's Going To Be A Long, Long Time)",Elton John,spotify:track:3gdewACMIVMEWVbyb8O9sY
201,Coming to America (Originally Performed by Neil Diamond) [Vocal Version],Mega Tracks Karaoke Band,spotify:track:6hQEX21Gojb06Ye29ELIQw
202,You May Be Right,Billy Joel,spotify:track:7gMOe0gXYcELUoVugfMmHP
203,Only the Good Die Young,Billy Joel,spotify:track:4gehZ6WYqLOXZpmMEq3Em9
204,The Entertainer,Billy Joel,spotify:track:60m29Z8TtocKOqDlQEbwUS
205,The Longest Time,Billy Joel,spotify:track:5DH7nDryMhpixm4G4B7RP9
206,We Didn't Start the Fire,Billy Joel,spotify:track:3Cx4yrFaX8CeHwBMReOWXI
207,Saturday Night,Bay City Rollers,spotify:track:78zYiMv9yNTHgmm6kaUPCm
208,Don't Go Breaking My Heart,Elton John,spotify:track:7cKUyLDvGKMd12ovtOU0z5
209,Play That Funky Music,Wild Cherry,spotify:track:0D7L4pBEGv8ni1cRfaTdMJ
210,Your Heroes Are Dead,Project 86,spotify:track:2Jer3BnbQIcIFsVDg6wbkA
211,Dreamer,Ozzy Osbourne,spotify:track:78PKCefXwDLbl4FVO1Pjzh
212,One (Is the Loneliest Number),The Tao Of Groove,spotify:track:3I9LiI3us93jBM5o1yheUk
213,The First Cut Is the Deepest - Acoustic Version,Sheryl Crow,spotify:track:4PzPvpE63ttEbKyMDRWB6q
214,Bye Bye Beautiful,Nightwish,spotify:track:2eH4Gr5hftdzWsVPG5dild
215,Amaranth,Nightwish,spotify:track:0cYduKz7njWaJ73PGn6OGW
216,Eva,Nightwish,spotify:track:0lnVq02DwGozJDsFrri7Ei
217,Meadows Of Heaven,Nightwish,spotify:track:0m6WZpB4ky6Mrx4NGkwQL7
218,Wish I Had An Angel,Nightwish,spotify:track:68VaQ8E7fhveKNkEIdD7Q9
219,Rio - US Edit,Duran Duran,spotify:track:68x0eW1iIqXU0exrafu8Ti
220,Just Give Me a Reason (feat. Nate Ruess),P!nk,spotify:track:4VC5nFbYO4avKksJ9jN4pY
221,Blow Me (One Last Kiss),P!nk,spotify:track:0ald9Hqm3CG03WWHUOgFoo
222,Baby Got Back,Sir Mix-A-Lot,spotify:track:4vvOv6MDFFPpEb1gwwb2ZD
223,Numb,Linkin Park,spotify:track:2nLtzopw4rPReszdYBJU6h
224,Stronger (What Doesn't Kill You),Kelly Clarkson,spotify:track:6D60klaHqbCl9ySc8VcRss
225,Diamonds,Rihanna,spotify:track:7Kt59L2ZZGtOnIhvMwzG6f
226,Bad Romance,Lady Gaga,spotify:track:1CZOrmHUUjeDP7N2B4Ba6S
227,Demons,Imagine Dragons,spotify:track:3LlAyCYU26dvFZBDUIMb7a
228,Let Her Go,Passenger,spotify:track:3f5NR54YGbEi4kVF5ORMt1
229,One More Night,Maroon 5,spotify:track:4XNrMwGx1SqP01sqkGTDmo
230,Burn,Ellie Goulding,spotify:track:2GgxS8bUT5G25QJTsfSv0R
231,Counting Stars,OneRepublic,spotify:track:6sy3LkhNFjJWlaeSMNwQ62
232,Give Your Heart a Break,Demi Lovato,spotify:track:3gCDFNnyBoPP5rkBAn8EAR
233,Hello,Adele,spotify:track:4aebBr4JAihzJQR0CiIZJv
234,Before He Cheats,Carrie Underwood,spotify:track:0ZUo4YjG4saFnEJhdWp9Bt
235,Heathens,Twenty One Pilots,spotify:track:6i0V12jOa3mr6uu4WYhUBr
236,Waterfalls,TLC,spotify:track:6qspW4YKycviDFjHBOaqUY
237,Clint Eastwood,Gorillaz,spotify:track:4wWfO3quW5mDQZTiYeNnqS
238,Welcome Home - EP Version,Radical Face,spotify:track:5Z0yHorrDg5GqRpje4SKRy
239,Gossip Folks (feat. Ludacris),Missy Elliott,spotify:track:75DjPjiIp2fvJDjtt41Jfs
240,Fuck You,CeeLo Green,spotify:track:4ycLiPVzE5KamivXrAzGFG
241,Music,Madonna,spotify:track:27cXevtj5VflsCUAZwr9eI
242,The Lion Sleeps Tonight,Jay Siegel's Tokens,spotify:track:1vndnK1pWEylzsx9PPw3nK
243,Down By The Water,The Decemberists,spotify:track:7IxWqdG1zG0gaAFYq2q0Iy
244,Who Are You,The Who,spotify:track:02DurCgOvDdX0uKEjqcl3W
245,Old Time Rock and Roll,Sam Morrison and Turn The Page,spotify:track:6Hyi9dmoyyDmxYEOUxGqBs
246,Hot Patootie (Bless My Soul) What Ever Happened to Saturday Night,Adam Lambert,spotify:track:4zwGFFad49bSLJQxGQ4wWH
247,Karma Chameleon,Culture Club,spotify:track:48O0GrGJWml3DzHhC5sJ7a
248,Try,P!nk,spotify:track:01DSvNTUsVROjnSF5j3UbD
249,In the Ghetto,Elvis Presley,spotify:track:6csLL0MBNVIMx19PfsKsW7
250,All Summer Long,Kid Rock,spotify:track:5rX6C5QVvvZB7XckETNych
251,Lean on Me,Bill Withers,spotify:track:20kN7bu0HMO8rIVY6tEytW
252,I Don't Wanna Be In Love (Dance Floor Anthem),Good Charlotte,spotify:track:3AJk0zltdY4XjD2be7a7ss
253,I'm Not Okay (I Promise),My Chemical Romance,spotify:track:7lRlq939cDG4SzWOF4VAnd
254,Girls & Boys,Good Charlotte,spotify:track:65mxB9IWpmVo4qUjdGSxRB
255,Amnesia,Chumbawamba,spotify:track:3WiXr3CXD3jYSqmQlUYlnn
256,Tubthumping,Chumbawamba,spotify:track:5YScXJKtefsgdskIy60N7A
257,Tell It to My Heart,Taylor Dayne,spotify:track:6jJCk7oHNwyowOUaF3gXEu
258,Dirty Deeds Done Dirt Cheap,AC/DC,spotify:track:2d4e45fmUnguxh6yqC7gNT
259,"White Wedding - Live On VH1 Storytellers, New York City, New York/2001",Billy Idol,spotify:track:6lkCnFeziGpvbsMcAB2DoR
260,Ridin' Dirty,Danny Dove,spotify:track:1XdWLLUhP3r8X9W4OB6TCy
261,Get Low,Lil Jon & The East Side Boyz,spotify:track:0r2Bul2NuCViraT2zX1l5j
262,Gangsta's Paradise (feat. L.V.),Coolio,spotify:track:3u9fHuAtjMY1RW2mZfO4Cf
263,Bohemian Rhapsody - Remastered 2011,Queen,spotify:track:7tFiyTwD0nx5a1eklYtX2J
264,It's My Life,Bon Jovi,spotify:track:0v1XpBHnsbkCn7iJ9Ucr1l
265,Life Could Be A Dream,Street Corner Renaissance,spotify:track:1v6CmIvbcquM8rKR33Kc6e
266,He Reigns,Newsboys,spotify:track:4mzm2S7WzWJWcTVEut18rB
267,Breakfast,Newsboys,spotify:track:2vLxjS0U2CuaqxEossXLDS
268,Devils,Say Hi,spotify:track:0Aizdb8F5NdFvDCZ1OnB1i
269,"Go And Sin No More - With Embedded Track ""Psalm 139""",Rebecca St. James,spotify:track:1cCIrVaU7hlazMLkjFjcFX
270,Cum on Feel the Noize,Quiet Riot,spotify:track:3vV3cr2TpPqFk07zxYUbla
271,Here I Go Again,Whitesnake,spotify:track:29pzjF6ZkzcW3ofgOVbF0t
272,Ready Or Not,DeGarmo & Key,spotify:track:1RDRwPXAP6hSxBIa41wN2w
273,"Johnny, I Hardly Knew Ya",Dropkick Murphys,spotify:track:7qjKgC94B30FRoOcHnMrfx
274,Du hast,Rammstein,spotify:track:1dS1SUD3vr0McKwez9MqAY
275,Ich will,Rammstein,spotify:track:1SlMYQmLe0yNEvBIfaPTAW
276,Engel,Rammstein,spotify:track:1MWaSUHDZBjPrsyaVxruqx
277,Another Saturday Night,Yusuf / Cat Stevens,spotify:track:3d6BLhDLG07jgUuTgJ1crq
278,17 Magazine,Relient K,spotify:track:5Vgzb4ViXEAvgVgCMexO98
279,The Sun Also Rises,Brave Saint Saturn,spotify:track:1riMbTj6HbiQ0tpD1aRema
280,Binary,Brave Saint Saturn,spotify:track:1PZ2EyaidWiuFI6T6lvaPw
281,Two Sets of Jones',Big Tent Revival,spotify:track:2fRSNaAEfM2s2Ng9KLYAbZ
282,Take Me To Your Leader,Newsboys,spotify:track:4RHsQ5GU8r4UZmz4yXp50C
283,Seven Bridges Road - Live; 1999 Remaster,Eagles,spotify:track:1osAmhnIT0rtuqLZ1IliBQ
284,Walk Like an Egyptian,The Bangles,spotify:track:1Jwc3ODLQxtbnS8M9TflSP
285,A Girl Like You,Edwyn Collins,spotify:track:6XOINCZBv8Q7RXgNNiTwIN
286,Wonderwall - Remastered,Oasis,spotify:track:5wj4E6IsrVtn8IBJQOd0Cl
287,Kiss from a Rose,The Arrival,spotify:track:32VpEzX4WLd2SDFJrbmWbL
288,You Sexy Thing - Remix,Hot Chocolate,spotify:track:7lF0hDHOk5sa1Ml2fafN9J
289,As I Lay Me Down,Sophie B. Hawkins,spotify:track:6S8ZXzeXsfCj8qi9179McI
290,Sinnerman,Nina Simone,spotify:track:75lnIEQ3aQmKPES7V9UWA1
291,Sweet Child O' Mine,Guns N' Roses,spotify:track:4MhTFsyqIJnjsOweVcU8ug
292,Brown Eyed Girl,Van Morrison,spotify:track:3yrSvpt2l1xhsV9Em88Pul
293,Where I Come From,Alan Jackson,spotify:track:6ej1QJ8eIYmhsyTlvgDajy
294,What Was I Thinkin',Dierks Bentley,spotify:track:0r8iDf65NHgFgZOGLwj5r8
295,The Rose,Bette Midler,spotify:track:5iUzEn2QzBW0KEWNQO1KQC
296,Every Rose Has Its Thorn - Remastered 2003,Poison,spotify:track:43GS3mtezoIFiuIZCLLiDY
297,"Six, Six, Six - Remix",DeGarmo & Key,spotify:track:4Xaxo87vsoPM0xF6UwcuaD
298,You Are Loved,Altar Boys,spotify:track:1MITsJMvdf4RKlhwmcuPEM
299,Breakeven,The Script,spotify:track:38xWaVFKaxZlMFvzNff2aW
300,MMMBop,Hanson,spotify:track:0YYbQESOOReEZjVzbYJtMC
301,Hearts Lost In Nowhere,Altar Boys,spotify:track:0V5YXAdzGswarumTwkeAz3
302,Live Like You Were Dying,Tim McGraw,spotify:track:5uaTGZyDMK1iZ9eW1qeBEX
303,You're No Good,Linda Ronstadt,spotify:track:23DZLSxCK6kM8FF2RlzKDl
304,For Those About to Rock (We Salute You),AC/DC,spotify:track:17lu4tymfnhmcIDlzBbtAb
305,Schadenfreude,Natalie Venetia Belcon,spotify:track:0fajMX89sy4Z2fGq2GxxHq
306,Paradise By the Dashboard Light,Meat Loaf,spotify:track:2g7gviEeJr6pyxO7G35EWQ
307,Water,Pentatonix,spotify:track:0AMydQFel4RVQbIN30Fjik
308,Bohemian Rhapsody,Pentatonix,spotify:track:0lrkMvRttmoXjMNS8YONvj
309,Can't Help Falling In Love,Pentatonix,spotify:track:1xKScU3i8ho0OIhNoC5YW9
310,God Bless The U.S.A.,Lee Greenwood,spotify:track:623lYBOJ7bLwh1bu3yeN5V
311,"Take Me Home, Country Roads - Rerecorded",John Denver,spotify:track:2xYlyywNgefLCRDG8hlxZq
312,Blowin' in the Wind,Bob Dylan,spotify:track:18GiV1BaXzPVYpp9rmOg0E
313,Sweet Caroline,Neil Diamond,spotify:track:3298yRJKPcCndQdNiTZKIo
314,"Tears in Heaven - Acoustic; Live at MTV Unplugged, Bray Film Studios, Windsor, England, UK, 1/16/1992; 2013 Remaster",Eric Clapton,spotify:track:612VcBshQcy4mpB2utGc3H
315,Home Sweet Home,Mötley Crüe,spotify:track:4zXvB4MoQD8onk0NCZbeHG
316,Tears In Heaven (Feat. Kenny G),Joe Gransden,spotify:track:3vCU1OjK02CGtHbINKnVU4
317,Have You Ever Seen The Rain?,Creedence Clearwater Revival,spotify:track:4JuJ9ewGWWGy0U3URuXOSI
318,"Girl, You'll Be A Woman Soon",Urge Overkill,spotify:track:1HRJZBTXS3VZr59Py8oIcz
319,Jack & Diane,John Mellencamp,spotify:track:43btz2xjMKpcmjkuRsvxyg
320,Happy Days (Theme from ''Happy Days''),Pratt & McClain,spotify:track:1CCuMgDauGruOwxrSh9NSW
321,Mercy Seat - I Just Want You Album Version,Vicki Yohe,spotify:track:4JkClDpEz5wUQsl6HnKxyH
322,The Unforgiven,Metallica,spotify:track:5SnOyuBtyzufoXBAKOdcxD
323,It's Just a Little Crush,Anything But Monday,spotify:track:4LjIwJj7G4cKzVSsmnC9Pz
324,Joy To The World,Three Dog Night,spotify:track:2ymeOsYijJz09LfKw3yM2x
325,Fuck Her Gently,Tenacious D,spotify:track:4BVzMXl6fgEC82DpjTZD0T
326,Someone Saved My Life Tonight,Elton John,spotify:track:5i7z7K3YuFCGbYIn6OzrpA
327,Cleveland Rocks,The Presidents Of The United States Of America,spotify:track:5rsiXpifJ6NLCpdhTgOWU6
328,Karaoke Superstars,Superchick,spotify:track:1ZqUyaaOb7vAeY2yF7EsOw
329,Beautiful,Christina Aguilera,spotify:track:3TCauNPqFiniaYHBvEVoHG
330,Kiss from a Rose,Seal,spotify:track:3YKptz29AsOlm7WAVnztBh
331,Thunderstruck,The Fanatics,spotify:track:6viFwYWKQrRc49vmg8Sqod
332,Jenny 867-5309,Prozac Daisies,spotify:track:2AIuvOKTzT3MFi3q8xwAk6
333,I'm a Believer - 2006 Remaster,The Monkees,spotify:track:3G7tRC24Uh09Hmp1KZ7LQ2
334,Beds Are Burning,Midnight Oil,spotify:track:0XHGKdViVybbZKqEZ2tXqV
335,Eternal Flame,The Bangles,spotify:track:5MoDQWMDMaAGDEiWsJfeCi
336,It Ain't What You Do It's the Way That You Do It,Fun Boy Three,spotify:track:4wQJLFN6BU0ptUoe0T2lcO
337,Wanted Dead Or Alive,Bon Jovi,spotify:track:2fY6tqgrlrg1ky9fgs0t5u
338,Son of a Preacher Man,Aretha Franklin,spotify:track:4uCbetXW9LStYPUjCpBVp9
339,For What It's Worth,Buffalo Springfield,spotify:track:1qRA5BS78u3gME0loMl9AA
340,Piece of My Heart,Big Brother & The Holding Company,spotify:track:1xKQbqQtQWrtQS47fUJBtl
341,I'll Have To Say I Love You In A Song,Jim Croce,spotify:track:4TjrIZw2QxJxbVjdc3XKsj
342,My Name Is,Eminem,spotify:track:75IN3CtuZwTHTnZvYM4qnJ
343,"Lose Yourself - From ""8 Mile"" Soundtrack",Eminem,spotify:track:5Z01UMMf7V1o0MzF86s6WJ
344,Do You Remember?,Jessiah A. Yoder,spotify:track:3h9qgV3NrVvlECvLtWJB0e
345,Minnie the Moocher,C&C Productions,spotify:track:0ZmN7HFQj7AHicpzPDN6KD
346,Someone Like You,Adele,spotify:track:4kflIGfjdZJW4ot2ioixTB
347,No Type,Rae Sremmurd,spotify:track:4scpF6J5uMBvoh6sFB7EL1
348,"Boulevard of Broken Dreams - Live at Milton Keynes National Bowl, Milton Keynes, England, 6/18/05",Green Day,spotify:track:224kL7H7v6VhHYK3yqxiha
349,Ain't That A Kick In The Head,Dean Martin,spotify:track:7D2jhjVZsU4NXO8HxVG3aA
350,Badd,Ying Yang Twins,spotify:track:1Epb6Kfe3GTgKrrWs1Y4Wy
351,Candle In The Wind - Remastered 2014,Elton John,spotify:track:1L9fzw2pXprOqtemTwtxXF
352,The Lion Sleeps Tonight (Wimoweh),The Tokens,spotify:track:2F4FNcz68howQWD4zaGJSi
353,Can You Feel The Love Tonight,Elton John,spotify:track:67HKtdqchK0rmODxsBeWT8
354,Hotel California - 2013 Remaster,Eagles,spotify:track:40riOy7x9W7GXjyGp4pjAv
355,In The Air Tonight - 2015 Remastered,Phil Collins,spotify:track:18AXbzPzBS8Y3AkgSxzJPb
356,Uptown Girl,Billy Joel,spotify:track:5zA8vzDGqPl2AzZkEYQGKh
357,Ain't No Mountain High Enough,Marvin Gaye,spotify:track:2H3ZUSE54pST4ubRd5FzFR
358,Let It Be - Remastered,The Beatles,spotify:track:5V1AHQugSTASVez5ffJtFo
359,Jessie's Girl,Rick Springfield,spotify:track:5RsUlxLto4NZbhJpqJbHfN
360,Fly Me To The Moon (In Other Words),Frank Sinatra,spotify:track:5b7OgznPJJr1vHNYGyvxau
361,Lookin' Out My Back Door,Creedence Clearwater Revival,spotify:track:3RTUfvRgq3pYTf7XY0FIcS
362,Bridge Over Troubled Water,Simon & Garfunkel,spotify:track:6l8EbYRtQMgKOyc1gcDHF9
363,House Of The Rising Sun,The Animals,spotify:track:7BY005dacJkbO6EPiOh2wb
364,Daydream Believer,The Monkees,spotify:track:7uEcCGtM1FBBGIhPozhJjv
365,Livin' On A Prayer,Bon Jovi,spotify:track:0J6mQxEZnlRt9ymzFntA6z
366,You Give Love A Bad Name,Bon Jovi,spotify:track:3KYiA4vq6RPO1dE2XROXd8
367,Thank You For Loving Me,Bon Jovi,spotify:track:577MNC3o3L0lNIzx9abqOk
368,Two Story Town,Bon Jovi,spotify:track:5ZH9eXVK1rs0NboOhvY86Y
369,Next 100 Years,Bon Jovi,spotify:track:6ALxuARAwzq5f6FB2glgPm
370,Just Older,Bon Jovi,spotify:track:1DJHDVTIqjYYeVobsD7iHR
371,One Wild Night,Bon Jovi,spotify:track:03LGpDYgqaaj2TuX5Sj7CS
372,Born To Be My Baby,Bon Jovi,spotify:track:50ZpPgU81payZxI2H7QXNM
373,Living In Sin,Bon Jovi,spotify:track:4urd42euwvihhC3j1G8Jt2
374,Raise Your Hands,Bon Jovi,spotify:track:7edZO40XkVIPbdvd2gCHZ3
375,I'd Die For You,Bon Jovi,spotify:track:2HKkbbCwRRXu5COx9AY5LZ
376,Never Say Goodbye,Bon Jovi,spotify:track:47jkSOZX6hFbTQoFgCKAQE
377,Wild In The Streets,Bon Jovi,spotify:track:7FOomGddxLBUmogfeGXCTg
378,Imagine,Pentatonix,spotify:track:1UaTmLT3nB1sNBfv1hkqU1
379,Save the World / Don't Worry Child,Pentatonix,spotify:track:1k69KJ5AsFwkbK5MOOxLHx
380,Cocaine,Eric Clapton,spotify:track:3ykSdTGmYPFl8pDBXer1zG
381,Pour Some Sugar On Me (2012),Def Leppard,spotify:track:0LN0ASTtcGIbNTnjSHG6eO
382,You Can't Always Get What You Want,The Rolling Stones,spotify:track:6lFZbCc7pn6Lme1NP7qQqQ
383,(I Can't Get No) Satisfaction - Mono Version,The Rolling Stones,spotify:track:2PzU4IB8Dr6mxV3lHuaG34
384,"Another Brick in the Wall, Pt. 2",Pink Floyd,spotify:track:4gMgiXfqyzZLMhsksGmbQV
385,Goodbye Blue Sky,Pink Floyd,spotify:track:0ESdtt9cjGZUkUbaubSrv2
386,Rock You Like A Hurricane,Scorpions,spotify:track:0XIvZ82aDF7JiSi3ZE320u
387,Poison,Alice Cooper,spotify:track:5XcZRgJv3zMhTqCyESjQrF
388,School's Out,Alice Cooper,spotify:track:5Z8EDau8uNcP1E8JvmfkZe
389,House of Fire,Alice Cooper,spotify:track:3besbqbQ0SNltlL36FAMD2
390,Take Me To Church,Hozier,spotify:track:0IqKeD8ZSP72KbGYyzEcAs
391,Fireflies,Owl City,spotify:track:3DamFFqW32WihKkTVlwTYQ
392,Pompeii,Bastille,spotify:track:3gbBpTdY8lnQwqxNCcf795
393,Knockin' On Heaven's Door,Guns N' Roses,spotify:track:32V8SrHZnYzZu7V47L2jgK
394,Smoke on the Water,Deep Purple,spotify:track:5SAUIWdZ04OxYfJFDchC7S
395,Hey You - 2011 Remastered Version,Pink Floyd,spotify:track:4WKpan8kLoNuaFgvc8ONc6
396,You Shook Me All Night Long,AC/DC,spotify:track:2SiXAy7TuUkycRVbbWDEpo
397,Rock And Roll All Nite,KISS,spotify:track:7990Xs9HQx7FXVIDVPEwj9
398,My Immortal,Evanescence,spotify:track:4UzVcXufOhGUwF56HT7b8M
399,Wrecking Ball,Miley Cyrus,spotify:track:2vwlzO0Qp8kfEtzTsCXfyE
400,Me And My Broken Heart,Rixton,spotify:track:1oew3nFNY3vMacJAsvry0S
401,Basket Case,Green Day,spotify:track:6L89mwZXSOwYl76YXfX13s
402,American Idiot,Green Day,spotify:track:6nTiIhLmQ3FWhvrGafw2zj
403,King for a Day,Green Day,spotify:track:3b2Tnh3Dd9ahRoNm28RfNM
404,Good Riddance (Time of Your Life),Green Day,spotify:track:6ORqU0bHbVCRjXm9AjyHyZ
405,Fat Lip,Sum 41,spotify:track:4KacUpvbA3Mfo05gttTjhN
406,Applause,Lady Gaga,spotify:track:2Zj4FUsMtu9PMuJsHbGbdv
407,Gives You Hell,The All-American Rejects,spotify:track:6ihL9TjfRjadfEePzXXyVF
408,Mr. Brightside,The Killers,spotify:track:7oK9VyNzrYvRFo7nQEYkWN
409,Born This Way,Lady Gaga,spotify:track:6r2BECwMgEoRb5yLfp0Hca
410,Love Runs Out,OneRepublic,spotify:track:5BJSZocnCeSNeYMj3iVqM7
411,"Danger Zone - From ""Top Gun"" Original Soundtrack",Kenny Loggins,spotify:track:34x6hEJgGAOQvmlMql5Ige
412,I Bet My Life,Imagine Dragons,spotify:track:1CQXNBt6zv15L8zDITcxRB
413,One Step Closer,Linkin Park,spotify:track:3K4HG9evC7dg3N0R9cYqk4
414,Papercut,Linkin Park,spotify:track:1Vej0qeQ3ioKwpI6FUbRv1
415,Love Somebody,Maroon 5,spotify:track:0HnaqUxvHP5LaWdmWwJpiS
416,Reach For The Sky,Social Distortion,spotify:track:5eGDKrTYl2h6ponZyMMhgZ
417,Carry Out (Featuring Justin Timberlake),Timbaland,spotify:track:2DHc2e5bBn4UzY0ENVFrUl
418,Dance,Petra,spotify:track:4e1IgVpmLOFuRxOLpJoQDy
419,I Don't Want To Grow Up,Ramones,spotify:track:6SYAkJQoasyrSvAj5abGDJ
420,Spiderman - Live,Ramones,spotify:track:4nSwuRL8QkjBqgd7VI9bjG
421,We're A Happy Family - Live,Ramones,spotify:track:1qzi1RVvvdDI9oo0PoiSBh
422,R.A.M.O.N.E.S. - Live,Ramones,spotify:track:41bS96myd5A4dUyMcHqWFh
423,Rock 'N Roll High School - Live At The Palace/1996,Ramones,spotify:track:0N9zDDkivIRtF18sxeDuaF
424,K.K.K. Took My Baby Away - Live At The Palace/1996,Ramones,spotify:track:4yPAaaxkHymm1UIAXtMK5v
425,Mary Jane's Last Dance,Tom Petty and the Heartbreakers,spotify:track:5eYwDBLucWfWI5KsV7oYX2
426,I Want To Be A Clone - I Want To Be A Clone,Steve Taylor,spotify:track:1q2NJhekwWFU8pxdI2yOnc
427,Meltdown (At Madame Tussaud's),Steve Taylor,spotify:track:0yDKahApfmEGGXK86lqTMp
428,On The Fritz - On The Fritz Album Version,Steve Taylor,spotify:track:4FqSyQjIz7LSS9xPj4f9Ks
429,Jim Morrison's Grave - Now The Truth Can Be Told Album Version,Steve Taylor,spotify:track:5vNnnFgOrlVmGGe7KkcwGu
430,I Blew Up The Clinic Real Good - Now The Truth Can Be Told Album Version,Steve Taylor,spotify:track:5fuDPwKKjUAx04r2cofO8v
431,Baby Doe - Now The Truth Can Be Told Album Version,Steve Taylor,spotify:track:6nPs5HL3xav6Wn9f0Vr4XD
432,"Drive, He Said - Now The Truth Can Be Told Album Version",Steve Taylor,spotify:track:1cO83GyyNDV6rKbBLWbfRW
433,Dark As A Dungeon,Johnny Cash,spotify:track:37ZYjiEPRvsw5iXassQPhk
434,Man of Constant Sorrow,Charm City Devils,spotify:track:6TA1tVt12Hl9Ggrz6J55U6
435,"I Am A Man Of Constant Sorrow - From “O Brother, Where Art Thou” Soundtrack / Radio Station Version",The Soggy Bottom Boys,spotify:track:5AhDb4oM6f4YmHPXW123Fg
436,I Want to Know What Love Is,Amason,spotify:track:3HszEQiMdPTNcglWcnMGk3
437,Killing Me Softly With His Song,Fugees,spotify:track:0Q0IVlqMV64kNLlwjPj0Hl
438,Haven't Met You Yet,Michael Bublé,spotify:track:4fIWvT19w9PR0VVBuPYpWA
439,Holiday,Bee Gees,spotify:track:4SyA5GahcFVbJEcDooBybR
440,In The Light,DC Talk,spotify:track:0ns55oQB9v1MsFYmSzRu9P
441,Stars Align,Lindsey Stirling,spotify:track:3YhO0NPxDnbLT2LswPaQPG
442,Whole Wide World,Wreckless Eric,spotify:track:5GL7iZg4ELjVcqovuP6PDS
443,Mr. Pinstripe Suit,Big Bad Voodoo Daddy,spotify:track:5TB8lq3NL3GcKHMBj36czk
444,Give A Little Bit,Supertramp,spotify:track:6XUHsYE38CEbYunT983O9G
445,Two Tickets to Paradise,Eddie Money,spotify:track:22CIOfLZB9z8He7WgHYAgH
446,Mandy,Barry Manilow,spotify:track:4oV4dVj0evVFhjPLvUz8w8
447,Dragostea Din Tei - Original Italian Version,O-Zone,spotify:track:4rPLXgafE7QzpWGUPR2Nfy
448,The Storm/The Anchor Holds,Ray Boltz,spotify:track:7iVjZhc9ZJLjSlrEtnWs7l
449,Bobby Brown Goes Down,Frank Zappa,spotify:track:2IBJHglp50a8GxonbKrnPf
450,Every Woman in the World,Air Supply,spotify:track:3mI9Z256VhQI6VAHRxFqUf
451,Are You There_,Cast Recording,spotify:track:2R2Tmfn9QyPN7C0pNKBOb0
452,Warning,Cast Recording,spotify:track:40rrfGuOx4rkLgsBBM0Q8w
453,All Grown Up,Cast Recording,spotify:track:7JnaRPvym5p9pkkrjVePra
454,Awesome God,Rich Mullins,spotify:track:5niLKxgCj4UriedJmPtJld
455,Cartoons and Vodka,Jinkx Monsoon,spotify:track:7MTSjR6qz771m55GNvhAYb
456,Skyfall,Adele,spotify:track:6VObnIkLVruX4UVyxWhlqm
457,Changes,Faul & Wad Ad,spotify:track:13qqdlSeF8FcxsRyapDMZ0
458,Ode To Attention Seekers,Paul Baker,spotify:track:2XOP5N6f1i7dsew5MiaFEG
459,I'll Have You All,Boy George,spotify:track:3FZFomhF0aLhSgWN6Gcp2R
460,Daydream Believer,Mary Beth Maziarz,spotify:track:5hPDjcK2S8pQaeVcfBn7jE
461,Unchained Melody,The Righteous Brothers,spotify:track:1jFhnVoJkcB4lf9tT0rSZS
462,She Will Be Loved,Maroon 5,spotify:track:7sapKrjDij2fpDVj0GxP66
463,Green Car,Not Available,spotify:track:3pg3psGPtSAAepxydyoTiW
464,Don't You Want Me,The Human League,spotify:track:3L7RtEcu1Hw3OXrpnthngx
465,Prisoner to My Emotions,Trayci Jenkins and the Jenkenettes,spotify:track:6TX8a0et6zVPhfAQinxfzD
466,My Life Story,MxPx,spotify:track:1bDJ2cu0mHrlkouazutEj5
467,Praise the Lord and Pass the Ammunition,Kay Kyser & His Orchestra,spotify:track:7wlkvrgk3QNzv5qE0jT9Gm
468,Escher's World,Chagall Guevara,spotify:track:6vfdKlKRqFlm0Enz4M3BcH
469,My Way,Frank Sinatra,spotify:track:6lTTzSk1hRrxp4VMwXBp2l
470,One Last Drink,Enter The Haggis,spotify:track:156fYYicI5aC1NmWgU5F4R
471,Violent Blue,Chagall Guevara,spotify:track:5OiBqALzBt8wYBs29hJ2YN
472,Murder In The Big House,Chagall Guevara,spotify:track:1k4aMdgoToH5RZDsrbup2e
473,Heart-Shaped Box,Nirvana,spotify:track:11LmqTE2naFULdEP94AUBa
474,Smells Like Teen Spirit,Nirvana,spotify:track:5ghIJDpPoe3CfHMGu71E6T
475,Set It Off,Thousand Foot Krutch,spotify:track:2TiX0h796QjWt0gHGeNOMB
476,Cold Song 2013 - DJ Hell Remix,DJ Hell,spotify:track:33CkjUEwsiNTunPEyIcxT1
477,Crazy,Gnarls Barkley,spotify:track:2N5zMZX7YeL1tico8oQxa9
478,Pity Party,Melanie Martinez,spotify:track:3fo6DYGktjENCiagUeU9yH
479,Friends Theme - I'll Be There for You,The Rembrandts,spotify:track:1Pdsl0V5VWwnEw3rdg3zRY
480,Today 4 U,Wilson Jermaine Heredia,spotify:track:7AznNC0oIieN4mdxNKF5Oj
481,Rent,Anthony Rapp,spotify:track:63n5l8cXGCqPW4wbjrVdpZ
482,Left Outside Alone,Anastacia,spotify:track:3xl7PsO7Hzuig6To9FgDm6
483,Sick and Tired,Anastacia,spotify:track:6WMQVizkSPAufOGOk2x4dL
484,We Can't Stop,Miley Cyrus,spotify:track:2y4lAQpi5VTNLu2ldeTdUH
485,Loose Lips,The Ballroom Thieves,spotify:track:0fpIXr7pP8DBc3BGZMNxXq
486,Rehab,Amy Winehouse,spotify:track:1L5tZi0izXsi5Kk5OJf4W0
487,Tango: Maureen,Fredi Walker,spotify:track:7IqFwNJih9ZD2oV7IWJT0N
488,Somebody Told Me,The Killers,spotify:track:7HGTkn2aX7MNdKs7nV2xBt
489,Centuries,Fall Out Boy,spotify:track:04aAxqtGp5pv12UXAg4pkq
490,That Time,Regina Spektor,spotify:track:2lLZotRXsQL3k2xX8rhl7q
491,Nobody's Listening,Linkin Park,spotify:track:6O8Fqxnk5OlOivJHklfkPZ
492,Whiskey In The Jar,Metallica,spotify:track:3ZpWy5rBZv2aLQAldnmTsP
493,I Fought the Law,Dead Kennedys,spotify:track:4AjNTrJmgry75yiihCMOP8
494,Rolling in the Deep,Adele,spotify:track:1CkvWZme3pRgbzaxZnTl5X
495,Set Fire to the Rain,Adele,spotify:track:3CKCZ9pfwAfoMZlMncA1Nc
496,I Want It That Way,Backstreet Boys,spotify:track:6e40mgJiCid5HRAGrbpGA6
497,"One Bourbon, One Scotch, One Beer",George Thorogood & The Destroyers,spotify:track:0u6Quwu7pe0lxJJPsRe4Mf
498,Get A Haircut,George Thorogood & The Destroyers,spotify:track:4BapXuAFLZlURi8Vyg16eE
499,Sweet Dreams (Are Made Of This),Marilyn Manson,spotify:track:3D0bXrSv7O73vOaGOG8J9c
500,Bye Bye Blackbird,Joe Cocker,spotify:track:2l98TtzrTbSpJa7mGMpZM2
501,One Way Or Another,Blondie,spotify:track:59CLe8stbcx4XYBWdsfbwK
502,Goodbye Earl,The Chicks,spotify:track:7rqaqQurHzR5xHAhdm1gmM
503,For the Longest Time,MC6 A Cappella,spotify:track:0PuWvFJqZPJAxZNrFgw8xL
504,Cartoon Heroes - Iti’s Soda Club Radio Mix,Aqua,spotify:track:4DdzlEP5THcWv6FgClaJFW
505,Better Off Alone (Remastered) - 1999 Original Hit Radio,Alice Deejay,spotify:track:48gBfTRel9fajeev7tmLpo
506,Ymca,Village People,spotify:track:7Cp69rNBwU0gaFT8zxExlE
507,My Life Is Going On (Música Original De La Serie De TV La Casa De Papel / Money Heist),Cecilia Krull,spotify:track:5ZEQjTroORCu6uWvZrdeNc
508,Poison - DJ Gollum meets Money G Radio Edit,DJ Gollum,spotify:track:6lM6NpMPNAcdwPUbpq1mWb
509,Baker Street,Gerry Rafferty,spotify:track:5gOd6zDC8vhlYjqbQdJVWP
510,Rumour Has It,Adele,spotify:track:76N7FdzCI9OsiUnzJVLY2m
511,Every Breaking Wave,U2,spotify:track:0gcPlCmT36t4uzSwlIrfQh
512,Someone Like You,Nick Pitera,spotify:track:4DPtx2N4uFTKOMzL1P2gsq
513,Together Again,Dave Koz,spotify:track:7igzgZaMWs7r1YVCC3orR0
514,You Can't Always Get What You Want,Ituana,spotify:track:31kL6SK7esUd0QRkrkjI8Q
515,I Guess That's Why They Call It The Blues,Elton John,spotify:track:23l1kVpqMVREiwU1YAlcr4
516,All of Me,Smooth Jazz All Stars,spotify:track:3bvRARdk20BEU86fxVZKIz
517,Mirrors,Smooth Jazz All Stars,spotify:track:4cR5db5RtWV8NSYwYFFdx1
518,High For This,Smooth Jazz All Stars,spotify:track:0XKSkAfBeNoaYzRaUhnKyz
519,I Started a Joke,Smooth Jazz All Stars,spotify:track:38AOofRhmCUIxTpn1wvcb1
520,What The World Needs Now Is Love,Burt Bacharach,spotify:track:6JFgBE2seXKTUkHdOVq3N1
521,Help - Live,DC Talk,spotify:track:4p5P52AXF1JOgzCPmoOvGt
522,Levels,Avicii Cover Band,spotify:track:5nVppf6qgPqdHEkV3acLQo
523,Ibang - Original Mix,Acid Pauli,spotify:track:61Osll9KkZS6EFi1svSEnY
524,I Wish We'd All Been Ready,Larry Norman,spotify:track:1lovNibE6WsrWvXYmVyeEA
525,Heaven - Candlelight Mix,DJ Sammy,spotify:track:6ZbeoJ5NW0hhmSjjyfsX00
526,Heaven,DJ Sammy,spotify:track:0KT6DLAELYSbgfUemzwGPX
527,Japanese Gum,Her Space Holiday,spotify:track:1X937gcn6Bub06IdNOvrfS
528,The Funeral,Band of Horses,spotify:track:4o0NjemqhmsYLIMwlcosvW
529,"Touch-A, Touch-A, Touch Me",Susan Sarandon,spotify:track:2SK1kGbpABI9EyUbADSP5z
530,Кольщик,Leningrad,spotify:track:0L9QnU8wWtiULsZ2lMiLAc
531,Dirty Computer (feat. Brian Wilson),Janelle Monáe,spotify:track:7nJZ9LplJ3ZAyhQyJCJk0K
532,"Crazy, Classic, Life",Janelle Monáe,spotify:track:06EAtSDu3KSoi4fbA3ZjoB
533,Masterpiece,Jessie J,spotify:track:4PYiIgzcp4o5pEYji1xY9q
534,If Everyone Cared,Nickelback,spotify:track:44w63XqGr3sATAzOnOySgF
535,The Sound of Silence,Disturbed,spotify:track:1Cj2vqUwlJVG27gJrun92y
536,"So Long, And Thanks For All The Fish",A Perfect Circle,spotify:track:4R5kwDx0ryIMiK2PKqbNVY
537,Photograph,Nickelback,spotify:track:2wdEXKLcuU7B0M2gqFmABH
538,"Down To The River To Pray - From “O Brother, Where Art Thou” Soundtrack",Alison Krauss,spotify:track:5tePn9lOIMHfFaqoTxFrio
539,Angel - Angelic Radio Mix,Joee,spotify:track:2zhik9UYGXKQc6lfPK5cLU
540,Castles In The Sky (featuring Marsha),Ian van Dahl,spotify:track:1AyMm0UfxY4eKHdRvZxdHB
541,Love The Way You Lie,Eminem,spotify:track:15JINEqzVMv3SvJTAXAKED
542,Stranger in My House - Thunderpuss Radio Mix,Tamia,spotify:track:3OoyGUkW4Ob6RMrzrehx4i
543,99 Luftballons,Nena,spotify:track:6HA97v4wEGQ5TUClRM0XLc
544,99 Red Balloons,Oliver Nelson,spotify:track:6JZqV6QpI0etVFD8UWaLqe
545,Feel like Makin' Love - 2015 Remaster,Bad Company,spotify:track:3KPwt1LBpt1jVSHz8GXERo
546,Angel Of The Morning,Juice Newton,spotify:track:6NVB6W7G3svCKe5zB7kY8q
547,Can't Fight This Feeling,REO Speedwagon,spotify:track:5WwqdeavrQrbeAMDxGawse
548,Highway to Hell,AC/DC,spotify:track:2zYzyRzz6pRmhPzyfMEC8s
549,The Lady In Red,Chris de Burgh,spotify:track:5tHbBxWjTxaQpL5SrT17Tz
550,Girls Just Want to Have Fun,Cyndi Lauper,spotify:track:4y1LsJpmMti1PfRQV9AWWe
551,Majestic,Wax Fang,spotify:track:5yzxbU3DPhyfQvBBJExzb7
552,I Dreamed a Dream,Susan Boyle,spotify:track:1uenbEVPd129TmVPXyn9Lv
553,Closing Time,Semisonic,spotify:track:087OBLtoeS3Q6j0k6tMNAI
554,What I Like About You,The Romantics,spotify:track:6NdcSEhpGGAYXNnnhGS2s6
555,Hurt,Nine Inch Nails,spotify:track:4pFnV6aV1bnEDqPDGBlrNp
556,Outside,Staind,spotify:track:50Re2bLgXqG9qN7v2QHNTm
557,"Mrs. Robinson - From ""The Graduate"" Soundtrack",Simon & Garfunkel,spotify:track:0iOZM63lendWRTTeKhZBSC
558,Knoxville Girl,The Lemonheads,spotify:track:6hWj5dS3JC258KGZtH3Xrm
559,Pour Me,Hollywood Undead,spotify:track:4rx8uIKssxGV1S1lCZMgLc
560,Worth As Much As A Counterfeit Dollar,Capital Lights,spotify:track:5S4iqbelathvMs6wlkXfmn
561,Hard to Say I'm Sorry / Get Away - 2006 Remaster,Chicago,spotify:track:07TnWCHrFkvF61GzJuLVt0
562,Everything Will Be Okay,Home Free,spotify:track:5HU3yt8W02dO6umISJyjoP
563,Summertime Sadness (Acoustic Cover) feat. Keelan Donovan,Megan Davies,spotify:track:6TqDrmjUDqQo4JiF1apQnL
564,Hooray For You,Huntingtons,spotify:track:2eUhz7juIgtpev3cRdAKPz
565,(Dying Inside) To Hold You - Heartbreak Radio Edit,Timmy Thomas,spotify:track:4TNuDumYtmoFMmQtFlpWvS
566,Do They Know It's Christmas? - 1984 Version,Band Aid,spotify:track:0247StOpd3AkeBQzANX4Zf
567,Heartbreak Hotel,Heidi Feek,spotify:track:30gdw2QqmH3XaXMIrPVkXs
568,Champagne Supernova - Remastered,Oasis,spotify:track:40bynawzslg9U7ACq07fAj
569,Twist,KiDi,spotify:track:6Nvip0xG8VFFR2DwDGS3be
570,Measure Of A Man,Clay Aiken,spotify:track:34bM8eF9L5b6n9jFWSp0lQ
571,Eloi,Klaus Badelt,spotify:track:2iaS8Zl5jfBpqNJfxfmS2B
572,Eye of the Tiger,Survivor,spotify:track:2KH16WveTQWT6KOG9Rg6e2
573,Do You Really Want To Hurt Me,Culture Club,spotify:track:5WfOZiINWQ8r8pZE1dbXHm
574,Say Something,Pentatonix,spotify:track:2SrJ0Iw6GobiRGyh2XKZhV
575,Say Something,A Great Big World,spotify:track:6Vc5wAMmXdKIAM7WUoEb7N
576,Empire State of Mind (Part II) Broken Down,Alicia Keys,spotify:track:5sra5UY6sD658OabHL3QtI
577,Wicked Game,Chris Isaak,spotify:track:390AWnOn2rfe9FzQjYmxIH
578,Getting Even,White Lies,spotify:track:7aovkxVF2B9I3SKXGTxnA9
579,Whatcha Say,Jason Derulo,spotify:track:67T6l4q3zVjC5nZZPXByU8
580,They Don't Know About Us,One Direction,spotify:track:72C7aUQECOhNtnD0AC36ua
581,Voices in My Head,NerdOut,spotify:track:5kzbfGqjoKxbKQGl8RFuCg
582,Top Of The World,Carpenters,spotify:track:4mtUOBfy2KjqTOPl7N8esR
583,If I Could Turn Back Time,Cher,spotify:track:6mYrhCAGWzTdF8QnKuchXM
584,Believe,Cher,spotify:track:2goLsvvODILDzeeiT4dAoR
585,The Thunder Rolls,Brooks Jefferson,spotify:track:6Ra5YZBdQRVRHX1GhRA4hH
586,The Scotsman - Live At The Winfield National Flat Picking Festival,Bryan Bowers,spotify:track:4uCoSdXBPQIJHbGsI51yjc
587,Mambo Rap,Parov Stelar,spotify:track:14RrzxMs07EhE8bUso5Pso
588,The Middle,Jimmy Eat World,spotify:track:3mcG2NI5G5vhrQtRda1YnA
589,The End of the World,Skeeter Davis,spotify:track:5DTOOkooKFUvWj1XQTFa09
590,Girls on Film - 2010 Remaster,Duran Duran,spotify:track:4EFkvOhgAmlHEfDfvfSoh5
591,Jesus Freak - Remastered 2013,DC Talk,spotify:track:4zAjQDduJhIRFSpfrIN68Z
592,Hasa Diga Eebowai,Michael Potts,spotify:track:52a9fyhPzrMz6bxVQoEIcX
593,When Love Is Gone,Martina McBride,spotify:track:0RkafZ3fY16vMfVWnqNXbX
594,Primadonna,MARINA,spotify:track:5tFMuAw6X2R4NLx97g7n9q
595,I'm Gonna Show You Crazy,Bebe Rexha,spotify:track:5LtNBCM2ve0SxP0dlRVvMu
596,Every Rose Has Its Thorn,Miley Cyrus,spotify:track:2GFAmPwmQByPEeWcjiR8AE
597,What Have We Become? - Remastered 2013,DC Talk,spotify:track:4HwHhuBVrfslXOH5NJukXp
598,What If I Stumble? - Remastered 2013,DC Talk,spotify:track:6amSl4oPLY4f64BoXJUyNu
599,Don't Stop Believing,Royal Philharmonic Orchestra,spotify:track:1ZhnDc12qOsieOVnzaCzj5
600,Hey You,Royal Philharmonic Orchestra,spotify:track:3d3ViPfNgBz1DY6ufIrL2o
601,Another Brick In The Wall,Royal Philharmonic Orchestra,spotify:track:6EUpjBbuUmZcJSrZob17m5
602,Like a Prayer,Royal Philharmonic Orchestra,spotify:track:0TWQfCwgSLINS5seX0Ebbr
603,Another One Bites The Dust,Royal Philharmonic Orchestra,spotify:track:3pGOB8Ity9DrMcAwW7ELg0
604,We Will Rock You,Royal Philharmonic Orchestra,spotify:track:0pMkNleRk8eFlHZJqIox23
605,Sound Of Silence,Royal Philharmonic Orchestra,spotify:track:3mMx3fRT8cJCvseVMhskMa
606,Mrs Robinson,Royal Philharmonic Orchestra,spotify:track:4zSxh0nUbiUAePK7DlJ194
607,Set Fire To the Rain,The Regency Philharmonic Orchestra,spotify:track:04DeGBgk6QohjwiXOXkPFn
608,Hallelujah,The Regency Philharmonic Orchestra,spotify:track:1p4nx7itnQLpDuVwuA3hss
609,Somebody To Love - Remastered 2011,Queen,spotify:track:6cFZ4PLC19taNlpl9pbGMf
610,All You Need Is Love,Royal Philharmonic Orchestra,spotify:track:1WqoNZd1qjPOuV3yGlDGfj
611,Cheerio,The Monroes,spotify:track:1Jr9IcDZqYYVMmE853Yc5u
612,The Ballad Of The Green Berets,Sgt. Barry Sadler,spotify:track:0yjNmllr3Ew6f97TqPuEqa
613,Rainbow Connection,The Whiffenpoofs,spotify:track:5bS7oLqrFoxwuEmBNoFufG
614,The Lady in Red - Chill out Version,Adam Story,spotify:track:34jy1SonG5AzaLuz07N94b
615,Carry on Wayward Son,Facing West,spotify:track:0wXh8X9cQTtbehMwVIWL4r
616,Radio Romance,Tiffany,spotify:track:7tSHnwXxOk8BiRWzlLWfZ9
617,Crocodile Rock,Elton John,spotify:track:6WCeFNVAXUtNczb7lqLiZU
618,Runaway,Bon Jovi,spotify:track:0X1sqQ652p1sceKM2nJlIJ
619,Watercolour Ponies,Wayne Watson,spotify:track:05a8XJJIJoiX9wPg7JGqbe
620,Mississippi Squirrel Revival,Ray Stevens,spotify:track:54zSjfZLFDQXSWkZzwlYJE
621,Tell It to My Heart,Taylor Dayne,spotify:track:3YVPpVJvJG2EauXurPA90F
622,Que Sera Sera,Pink Martini,spotify:track:7GGehQ6H7fUmvMHBccJkpk
623,Relax,Frankie Goes To Hollywood,spotify:track:2K22nUTdyr48JDwI5t906t
624,Bed Of Roses,Bon Jovi,spotify:track:1zng9uqqXoPkmU05nsAlsw
625,Look On Down From The Bridge,Mazzy Star,spotify:track:010ALbbh5KlQ4fKWgSdhRd
626,Not Over You,Gavin DeGraw,spotify:track:6j7hih15xG2cdYwIJnQXsq
627,I Wanna Dance with Somebody (Who Loves Me),Whitney Houston,spotify:track:2tUBqZG2AbRi7Q0BIrVrEj
628,"Hey Mama (feat. Nicki Minaj, Bebe Rexha & Afrojack)",David Guetta,spotify:track:5b2bu6yyATC1zMXDGScJ2d
629,Secrets,OneRepublic,spotify:track:1NhPKVLsHhFUHIOZ32QnS2
630,Rx (Medicate) - Symphonic Acoustic,Theory of a Deadman,spotify:track:5Bd0ckNtNsxISCa6uuxMLK
631,Holiday,Green Day,spotify:track:4VgEM12OeaN3GyBV487Me7
632,Come Sail Away,Styx,spotify:track:0PsbWiVtix5FoTZ1s00mEl
633,If You Don't Love Me (I'll Kill Myself),Pete Droge,spotify:track:2T9AeuP4y28iAZW295tglJ
634,"Sweat (Brooklyn Bowl, 5.20.17) [Live]",The Main Squeeze,spotify:track:7Doe3EvjSq4vXzwEDaixb3
635,Shot,The Main Squeeze,spotify:track:74YtbinTtTiuI5ph0VUNJD
636,Gimme Danger,The Stooges,spotify:track:0yOcVe3GzHnKT2bdlVb8jR
637,Stairway to Heaven - Remaster,Led Zeppelin,spotify:track:5CQ30WqJwcep0pYcV4AMNc
638,Dark Horse,Katy Perry,spotify:track:5jrdCoLpJSvHHorevXBATy
639,Santa Fe,Adam Pascal,spotify:track:2TN1LttjDusbg3hzeH9MzJ
640,For the Damaged Coda,Blonde Redhead,spotify:track:7jA5OcunWRSYXq98puhAX8
641,Can You Feel the Love Tonight,Beyoncé,spotify:track:1zSKtBze2IReYU44W0lDzd
642,Stampede,Hans Zimmer,spotify:track:6aGHQu7gHrYgVSXvF5udUt
643,Forever Young,Ursine Vulpine,spotify:track:0lkOnOscrC7YeHK4H3WzCX
644,Yesterday - Remastered 2009,The Beatles,spotify:track:3BQHpFgAp4l80e1XslIjNI
645,Someone You Loved,Lewis Capaldi,spotify:track:2XfZTkN2rTMw4ncgdP0fY9
646,The Miracle (Of Joey Ramone),U2,spotify:track:2HNeoSQWVkCwrBOZPMjQRl
647,Wicked Game,Daisy Gray,spotify:track:5Vg8XNROaFqfgX6EaLoQYN
648,River,Bishop Briggs,spotify:track:0TGTE9TEh9qzuFwmtRNICn
649,A Place in the Sun (Acoustic),The Elms,spotify:track:78M874Q4SC5JpvtUmsVDc0
650,Eleanor Rigby - Remastered 2009,The Beatles,spotify:track:5GjPQ0eI7AgmOnADn1EO6Q
651,Little Talks,Julia Sheer,spotify:track:1ulDt6ySVbMbzZCBO6hSfb
652,Drag Me Down / As Long As You Love Me,Gardiner Sisters,spotify:track:7B0hVrD5iwkiQhHSjUjSrz
653,Sounds And Thoughts,Kaleidoscope Jukebox,spotify:track:0tb6zLbssuZLKvWUoy4ni4
654,Movin' Out (Anthony's Song),Billy Joel,spotify:track:45rEbIrmTMmPfmvmDEqdEo
655,Lost Boy,Ruth B.,spotify:track:4h0zU3O9R5xzuTmNO7dNDU
656,Cheek to Cheek - Extended Mix,Odd Chap,spotify:track:59mwMv7hu4NsCdaXENW1JV
657,Black Betty,Caravan Palace,spotify:track:2erfXuZOAQ8T6FjJPDFpBC
658,Queen of Chinatown,Amanda Lear,spotify:track:2JGSaHOvwcx7yfijBUbrFU
659,S. B. M. T.,The Bastard Suns,spotify:track:27RHCJ5d9xz076XO8cH9sB
660,Raised By Wolves,U2,spotify:track:7iOX1fIesxEQUoSChli4Y0
661,Tom Sawyer,Rush,spotify:track:3QZ7uX97s82HFYSmQUAN1D
662,A Bar In Amsterdam,Katzenjammer,spotify:track:0ytvlQNCJmSY6l6a840U5A
663,Another Irish Drinking Song,Da Vinci's Notebook,spotify:track:3QxgOiZSkuyq7hALKV3fJa
664,I Will Survive,Cake,spotify:track:0qgiFuYhYuwtFXEwYakddE
665,Want You Gone,Aperture Science Psychoacoustic Laboratories,spotify:track:1NHsYfWMlDzCJEOOM3bIFY
666,Every One of Us,Rick Astley,spotify:track:5b6zAh5CNRv6dN5JrMNtmk
667,Alone - Live,Heart,spotify:track:53Om78AwCypEIDszjG4ebo
668,India,BoomBox,spotify:track:386CJPc8jgJMRlzhKfWlFO
669,Caught In The Crowd,Kate Miller-Heidke,spotify:track:7ti8eUguyyIOxvM1jKblr4
670,Code Monkey,Jonathan Coulton,spotify:track:3cLqK3LPVrTIzfENVmYLoU
671,Callin' Out,Lyrics Born,spotify:track:7GLq7uJTZbgcrOQllpjxsf
672,We Can’t Stop,Scott Bradlee's Postmodern Jukebox,spotify:track:1gi65cLj9jXpaEJ3z3vaqY
673,Medley: Sexy Ladies / Let Me Talk to You (Prelude),Justin Timberlake,spotify:track:3DxnAINrl5zqnOtC78QBzq
674,Creep,Scott Bradlee's Postmodern Jukebox,spotify:track:2Jju8C95blJcGMqtMKETbH
675,All About That Bass,Scott Bradlee's Postmodern Jukebox,spotify:track:4CNUDscRrCQAf0qqLwuIXU
676,Royals,Scott Bradlee's Postmodern Jukebox,spotify:track:1Ror5ReO93QlIp0vJ4wHxB
677,Stacy’s Mom,Scott Bradlee's Postmodern Jukebox,spotify:track:14A7iordd24zLljUxI7Hc3
678,Rude,Scott Bradlee's Postmodern Jukebox,spotify:track:2MW0hEEMNL6AwYSNpY09yA
679,Thrift Shop,Scott Bradlee's Postmodern Jukebox,spotify:track:1dzMV3NHumGKZ4W5PZHMJM
680,Sorry,Scott Bradlee's Postmodern Jukebox,spotify:track:322fx0gDLh68rI09LLVhht
681,Maps,Scott Bradlee's Postmodern Jukebox,spotify:track:3I51AMwnzyYwP58qPOX6A0
682,Miracle,Caravan Palace,spotify:track:4trtuxyoMRBjS8wY6PB7OR
683,Melancolia,Caravan Palace,spotify:track:0K8ML5cB3rGmNe1oOVTXPo
684,Born to Die,The Amity Affliction,spotify:track:2BmvafX08HneGOFozVGB6P
685,Born To Die,Lana Del Rey,spotify:track:487OPlneJNni3NWC8SYqhW
686,Off To The Races,Lana Del Rey,spotify:track:5IyblF777jLZj1vGHG2UD3
687,Baby Got Back,Jonathan Coulton,spotify:track:7dUMK0nYcV3jVGHlDuLM9w
688,Born to Die (Dance Mix),The Re-Mix Heroes,spotify:track:3XxCL1kbzXC9SKw1qLvWHu
689,I Feel Love,Sam Smith,spotify:track:29MOOOmMRPeWyPwKQFoF5t
690,House of the Rising Sun,Five Finger Death Punch,spotify:track:3cZr1Z832aXANu6a9fifkx
691,Parvati's Singing Bowl,Kaleidoscope Jukebox,spotify:track:1kxibL2OWQfLJMQTMPIqVL
692,Hotel Yorba,The White Stripes,spotify:track:66Xoy2shVLpqTMvcziDCUy
693,Prayer in C - Robin Schulz Radio Edit,Lilly Wood and The Prick,spotify:track:5fnA9mkIfScSqHIpeDyvck
694,21st Century Cure,Terrance Zdunich,spotify:track:72p0iFeYYSCulZ3kRs5l5p
695,Until We Say Goodbye,Joe Satriani,spotify:track:295rBxcbFFtYUx1ry8f2Xa
696,Hard Habit to Break - 2006 Remaster,Chicago,spotify:track:3Tows9RnoAq9CmMJaII2cO
697,Coral - Original Mix,Undercatt,spotify:track:51clotloAbKWzismMiPc66
698,Love Never Dies (Part 1 Edit),Apoptygma Berzerk,spotify:track:0ptLSY2thWxWd2l9jT6G0Q
699,Cry Little Sister - Original Lost Boys Film Version,G Tom Mac,spotify:track:62PEgf5TnB9ZoEbnBMdLJI
700,Numa Numa Meets Metal,ERock,spotify:track:68F4JiFJEvlhj5soK2MnP5
701,Girls Like You (feat. Cardi B) - Cardi B Version,Maroon 5,spotify:track:6FRLCMO5TUHTexlWo8ym1W
702,All By Myself,Céline Dion,spotify:track:0gsl92EMIScPGV1AU35nuD
703,Mad World,Scott Bradlee's Postmodern Jukebox,spotify:track:6Qk1YmTx5VyaAEDK2UuBrj
704,Mad World,Tears For Fears,spotify:track:0Qv7xi6uPSqH2k82tOkGSt
705,I've Got the Music in Me,Kiki Dee,spotify:track:2dpGNisIy8LNjpEGzDdtft
706,Mad World,Susan Boyle,spotify:track:4sJcVmy0uaFsLupAWgGzqe
707,Mad World,Wise Guys,spotify:track:5mhNS11C9zm6l6AjzePz4h
708,Mad World - Edit Mix,Belmond & Parker,spotify:track:6Lb8U5ZUe7hfgTgtrD4Knv
709,Secret Agent Man,Johnny Rivers,spotify:track:2BlaUfBTbWG50DoZHBD1uV
710,The Great Pretender,Freddie Mercury,spotify:track:7m1JSCGnmorA3tjtWJpDj4
711,The Great Pretender,The Platters,spotify:track:2FkCjtQ1lYsf71s2FAS8hE
712,The Hampsterdance Song,Hampton The Hampster,spotify:track:5pP3RGiUtFVZlWotyJb9Ei
713,I'm Gonna Be (500 Miles),Sleeping At Last,spotify:track:0dHF8t7OIhgPele5WRUfWG
714,Kids - Soulwax Mix,MGMT,spotify:track:0ABUwW2eGGtBMc696DHGkk
715,Give It 2 Me,Madonna,spotify:track:6G7d2cbkZSaAOE0H6K1ohb
716,Need You Now,Lady A,spotify:track:11EX5yhxr9Ihl3IN1asrfK
717,The Curse,Kurt Bestor,spotify:track:7oSkFQRFS7e7pQw2zFeNvW
718,I Don't Need,Alec Troniq,spotify:track:7zRvCshSGbWCPUNq9G4cvy
719,Carry On,fun.,spotify:track:7gpy7sfWPNuOKmUNs3XQYE
720,Overkill - Acoustic Version,Colin Hay,spotify:track:5bbgiWfaHG6Vruyg3OWQuU
721,American Pie,Cast of Zoey’s Extraordinary Playlist,spotify:track:6S4ylaXOtPWR6H3WoZWiiB
722,I'm Gonna Be (500 Miles),Cast of Zoey’s Extraordinary Playlist,spotify:track:1peCHemW6BH2PNMsdMJ1ds
723,Crazy,Cast of Zoey’s Extraordinary Playlist,spotify:track:4Yw8TgTbkbqJ2BWFBPhc7C
724,I Want You to Want Me,Cast of Zoey’s Extraordinary Playlist,spotify:track:60p7hvC3euMzGdRA1fjzXG
725,The Great Pretender,Cast of Zoey’s Extraordinary Playlist,spotify:track:2GyirvxW9fQhBYcuygukF7
726,I Wanna Dance with Somebody,Cast of Zoey’s Extraordinary Playlist,spotify:track:4E8XDdTLf0hwMlumjjJzaM
727,Jealous,Cast of Zoey’s Extraordinary Playlist,spotify:track:5bxkOQTxwGygiEUciHnIiO
728,The Melody Within,Kurt Bestor,spotify:track:4b37qBHC4LG1OSOqtt8GPC
729,Through The Roof N' Underground (feat. Eugene Hütz),Gogol Bordello,spotify:track:0DORr5qERyz7c7oH3u28q7
730,Walk Hard,John C. Reilly,spotify:track:1ti7FlOjQV7ZmgMjN1M4Oc
731,Guilty As Charged,John C. Reilly,spotify:track:7Fegy4P9imqvQHPDKAK4BY
732,Leave Me Burning,Carlton Hayes,spotify:track:6f8xewYcUrTJD9saFBfYdQ
733,Since God Invented Girls,Elton John,spotify:track:0agGbBdOQuH2qIsVzL6Hao
734,What Is Love (Metal Version),UMC,spotify:track:4ZYlBuZZw3eiZwvc6SbQoW
735,Diamonds - Acoustic Dance Sessions,Yori,spotify:track:0rtItw1Gs6BvTvNppLD7FU
736,Only Girl (In The World),Lola Rhodes,spotify:track:0cgu69vaxW8IBiSEfXo8dZ
737,Neon Moon - with Kacey Musgraves,Brooks & Dunn,spotify:track:3lVPtkNFoIyPPGVdNri4VH
738,"Your Song - From ""Moulin Rouge"" Soundtrack",Ewan McGregor,spotify:track:1rDklEm1rIKphZ7EvWinHm
739,"Shame - 12"" Disco Mix","Evelyn ""Champagne"" King",spotify:track:0QewO59ixTHz3bsa4mRHup
740,Your Song,Ellie Goulding,spotify:track:2mN9PvVZX0thvOclMwQAju
741,Puttin' on the Ritz,Taco,spotify:track:1taGkdO3DQsNRIQrarhVvc
742,Major Tom,Shiny Toy Guns,spotify:track:6MQdIVpcXuaa9QpuCd33ei
743,Run,Leona Lewis,spotify:track:4hrAKlxfblnG7llBEEX7TR
744,Somewhere to Hide,Shiny Toy Guns,spotify:track:0ustKbONSPtdPBlmC1r0kP
745,Because of You,Kelly Clarkson,spotify:track:3f3omU8n47Mqyab5nCaGyT
746,Rabbit Run,Eminem,spotify:track:30KKYkJ0lonfKI2eaLACnZ
747,Be My Lover,La Bouche,spotify:track:7FoUzKTSQp25oe32pY9z5p
748,Hypnotized - Krabbe Remix,Oliver Koletzki & Fran,spotify:track:1qZ6Yt6Mbas8IjDtvo9QQz
749,"Touch Me I'm Going To Scream, Pt. 2",My Morning Jacket,spotify:track:5x4Tv2PICzkwkixYuSmbYX
750,"Always with Me, Always with You",Joe Satriani,spotify:track:0NNep3grWO95CVGp04gMM4
751,Rät,Penelope Scott,spotify:track:25z6kpmIwkCUqk2IORrJ5v
752,Best I Ever Had (Grey Sky Morning),Vertical Horizon,spotify:track:2EVNYzHWebyLvKxPX6Ozt8
753,2young,Stop Light Observations,spotify:track:0YYYnjGL5VV9thEHIaGU4h
754,San Francisco,The Mowgli's,spotify:track:5RRWirYSE08FPKD6Mx4v0V
755,Love Me Right,Amber Mark,spotify:track:2xWVD6aecDSHroyPVVcPpa
756,Higher Ground,Jonathan Murrill,spotify:track:7cTMGTptPgTTALJ5riQL9W
757,50 Ways to Say Goodbye,Train,spotify:track:2NniAhAtkRACaMeYt48xlD
758,Kissing You,Keith Washington,spotify:track:6LqiE1yBBf9IuTxaTpTyiF
759,Another Day In Paradise,Saxtribution,spotify:track:62ecwMJuFVg9rjT0sT6jug
760,Circles,Post Malone,spotify:track:21jGcNKet2qwijlDFuPiPb
761,Lo Que Siento,Cuco,spotify:track:3oyf4dalm17kzTE8LJDbgR
762,World in My Eyes - Cicada Mix,Depeche Mode,spotify:track:43fsHnjiJFWSCp2S5dMCxA
763,Ghost - Talul Remix,HRRSN,spotify:track:73Q3tXy90jJf0PwfQ0MPP9
764,La Grange,ZZ Top,spotify:track:060SIy6PC30dMWw6wI6292
765,"Lovin', Touchin', Squeezin'",Journey,spotify:track:0VQ0n5gMgJLNixG8BfWBT5
766,Girl - Remastered 2009,The Beatles,spotify:track:6tQvjqDIK9GXWIC6mejms8
767,Everybody Knows,Leonard Cohen,spotify:track:60s0QWaOZ2UTzqdIHBCt3x
768,Feel Alright,Poolside,spotify:track:1kZklN5swy3NGwOf5NTICP
769,We're Good,Dua Lipa,spotify:track:1diS6nkxMQc3wwC4G1j0bh
770,All My Life,K-Ci & JoJo,spotify:track:5GorFaKkP2mLREQvhSblIg
771,The Rubberband Man,The Spinners,spotify:track:4Q5HmyNvQHlfylzGY7V3Wr
772,What Is Love (feat. Tears & Marble) - Original Mix,Pretty Pink,spotify:track:291qm9lMrGJaLbnJDPjS4b
773,Dancing In the Moonlight,King Harvest,spotify:track:7ufDF5ePKsnxYgP0DAZoZE
774,"Hungry Eyes - From ""Dirty Dancing"" Soundtrack",Eric Carmen,spotify:track:31H6au3jhblhr6MMJiXnCq
775,Eye Nyam Nam 'A' Mensuro - Henrik Schwarz Blend,Ebo Taylor,spotify:track:797j1JpCJrMKKy4DH2FO2u
776,Let's Stick Together,Bryan Ferry,spotify:track:6y4FVJwf09ssxuRnlEgXkp
777,Opportunities (Let's Make Lots of Money),Pet Shop Boys,spotify:track:0apB2QDN7ZrE91yDmw5JsY
778,Left Hand Free,alt-J,spotify:track:4iEOVEULZRvmzYSZY2ViKN
779,Redbone,Peter Kings,spotify:track:3cmFuSkdJ5L3mNLZou8GtN
780,MONTERO (Call Me By Your Name),Lil Nas X,spotify:track:67BtfxlNbhBmCDR2L2l8qd
781,Finale (Can't Wait To See What You Do Next),AJR,spotify:track:2wPL8Vh6lZ0DLaAw1N7Caj
782,In The End - Mellen Gi Remix,Tommee Profitt,spotify:track:5rAUZy2eDdegBxUVYxePK2
783,Tomorrow We Fight,Tommee Profitt,spotify:track:5qIswLybSuwnkcKHYsclPN
784,Noble Blood,Tommee Profitt,spotify:track:18ceulV4cK1NGMfrwJiyOz
785,Ordinaryish People (feat. Blue Man Group),AJR,spotify:track:3sBdf3nxnEC9e2GcdP9d3j
786,Wake Me Up - Mellen Gi Remix,Tommee Profitt,spotify:track:0lesTJjdRpQF2hierSP7Nk
787,Party Like Its 1929,Tape Five,spotify:track:1lzk3VCIOQPoom0FgcLbg7
788,Young Forever,JAY-Z,spotify:track:35srNkJVToAzYiZzron1FY
789,Light - GoSlo Remix,San Holo,spotify:track:1SltT96uaxy887m1psaZZ0
790,Come Along,Cosmo Sheldrake,spotify:track:4hs0ol9UoDjDzuT3LHgaFQ
791,Lose My Love (feat. Gallant & Felix Cartal),Sad Money,spotify:track:079HrlFdPl6mFM8FN9kXF6
792,DÁKITI,Frank Lima Violinist,spotify:track:0KpbS0GFu8XHXQ63YcltZE
793,House of the Rising Sun,Audiomachine,spotify:track:3KWU60ms2hmZeIDkyzllM3
794,Somewhere Out There,Peter Hollens,spotify:track:4SNEybGkvdDvEEb4GkjtRn
795,Just Say,Nine One One,spotify:track:3rHhEJPRVZWSEPmlNOLoAm
796,When the Devil Calls (Drumstep),Blues Saraceno,spotify:track:0JodxZZWfbtOHpDPuI3F91
797,Devil's Playground,The Rigs,spotify:track:3WdHywW5eesvHX9pj5z8eT
798,I'd Do Anything For Love (But I Won't Do That) - Single Edit,Meat Loaf,spotify:track:391CwgcBxvUHmEKda2b5In
799,School's Out,Alice Cooper,spotify:track:5Z8EDau8uNcP1E8JvmfkZe
800,Blood In The Water,KSHMR,spotify:track:4jM545c2DEKT78TYRSSzIr
801,Stairway To Heaven,London Philharmonic Orchestra,spotify:track:0aoTpQt7w3y3qwx029PTNN
802,Folsom Prison Blues,Johnny Cash,spotify:track:0Avmi9t3sOcaGSs1DSbgDg
803,Everybody Knows,Sigrid,spotify:track:34b3PCTLUISY153eb2F72k
804,Everybody Knows,John Legend,spotify:track:7qzxYfznGcwVUemSxhwCZY
805,Can't Help Falling In Love - DARK,Tommee Profitt,spotify:track:1xErKvTvMqszpokp8Mr3Mq
806,The Night The Lights Went Out In Georgia - Eric Kupper Remix,Reba McEntire,spotify:track:3CCx4xeyrZQTONz6MvURaX
807,Chains - Remix,Nick Jonas,spotify:track:3ehS7brEPi3Pc8yitrFdbG
808,Cold Heart - PNAU Remix,Elton John,spotify:track:6zSpb8dQRaw0M1dK8PBwQz
809,Everything That I Want,MAVV,spotify:track:1A2rlbdSXZWyPXkEm3AXK5
810,The Loophole,Garfunkel and Oates,spotify:track:6B89ADIwxCw60PHZN6Kdp4
811,Major Tom (Coming Home) - Adam K & Soha Radio Edit,Shiny Toy Guns,spotify:track:7nXXIXFSyDDPlfzCW9bdAa
812,The Wreck of the Edmund Fitzgerald,Gordon Lightfoot,spotify:track:536L9C0N7vhYdibCJx3cI2
